acc,f1,name,precision_1,precision_2,precision_3,precision_4,recall_1,recall_2,recall_3,recall_4
0.8911688900556046,0.8588453736318375,"lr: regParam:0.01, elasticNetParam: 0.0",0.6404494382022472,0.9031681830609299,0.41894020540608656,0.5383045525902669,0.014789828749351324,0.9875725770882293,0.14493732970027248,0.08895864681160172
0.8981457174903945,0.8695675152496863,"dt: maxDepth:5, impurity: gini",0.8413269384492406,0.9093046964264607,0.64127521512202,0.46194016096332247,0.2730928905033731,0.9900781707691462,0.09909536784741145,0.19506563586364345
